{
  "users": [
    {
      "id": "6285602489033@s.whatsapp.net",
      "premium_start": "2025-08-03T14:19:30+00:00",
      "premium_end": "2025-08-02T14:19:30+00:00",
      "limit": 52,
      "last_reset": "2025-08-12"
    },
    {
      "id": "628817640669@s.whatsapp.net",
      "premium_start": "2025-08-03T23:52:35+00:00",
      "premium_end": "2025-08-02T23:52:35+00:00",
      "limit": 98,
      "last_reset": "2025-08-03"
    },
    {
      "id": "120363401388193543@newsletter",
      "premium_start": "2025-08-04T03:04:18+00:00",
      "premium_end": "2025-08-03T03:04:18+00:00",
      "limit": 98,
      "last_reset": "2025-08-11"
    },
    {
      "id": "120363304085949644@newsletter",
      "premium_start": "2025-08-04T05:08:55+00:00",
      "premium_end": "2025-08-03T05:08:55+00:00",
      "limit": 96,
      "last_reset": "2025-08-12"
    },
    {
      "id": "6282111331125@s.whatsapp.net",
      "premium_start": "2025-08-04T09:14:01+00:00",
      "premium_end": "2025-08-03T09:14:01+00:00",
      "limit": 97,
      "last_reset": "2025-08-11"
    },
    {
      "id": "62895417988288@s.whatsapp.net",
      "premium_start": "2025-08-04T15:03:13+00:00",
      "premium_end": "2025-08-03T15:03:13+00:00",
      "limit": 99,
      "last_reset": "2025-08-12"
    },
    {
      "id": "120363144038483540@newsletter",
      "premium_start": "2025-08-04T16:24:26+00:00",
      "premium_end": "2025-08-03T16:24:26+00:00",
      "limit": 99,
      "last_reset": "2025-08-12"
    },
    {
      "id": "62882006455219@s.whatsapp.net",
      "premium_start": "2025-08-05T01:19:13+00:00",
      "premium_end": "2025-08-04T01:19:13+00:00",
      "limit": 93,
      "last_reset": "2025-08-05"
    },
    {
      "id": "62882003175286@s.whatsapp.net",
      "premium_start": "2025-08-05T01:20:35+00:00",
      "premium_end": "2025-08-04T01:20:35+00:00",
      "limit": 96,
      "last_reset": "2025-08-11"
    },
    {
      "id": "6285640418160@s.whatsapp.net",
      "premium_start": "2025-08-05T01:22:22+00:00",
      "premium_end": "2025-08-04T01:22:22+00:00",
      "limit": 92,
      "last_reset": "2025-08-12"
    },
    {
      "id": "6288221311291@s.whatsapp.net",
      "premium_start": "2025-08-05T08:30:30+00:00",
      "premium_end": "2025-08-04T08:30:30+00:00"
    },
    {
      "id": "6285641552274@s.whatsapp.net",
      "premium_start": "2025-08-06T07:26:39+00:00",
      "premium_end": "2025-08-05T07:26:39+00:00",
      "limit": 98,
      "last_reset": "2025-08-12"
    },
    {
      "id": "6285879160080@s.whatsapp.net",
      "premium_start": "2025-08-06T10:05:20+00:00",
      "premium_end": "2025-08-05T10:05:20+00:00",
      "limit": 99,
      "last_reset": "2025-08-06"
    },
    {
      "id": "6289506368777@s.whatsapp.net",
      "premium_start": "2025-08-09T09:38:36+00:00",
      "premium_end": "2025-08-08T09:38:36+00:00",
      "limit": 82,
      "last_reset": "2025-08-09"
    },
    {
      "id": "259506906861767@lid",
      "premium_start": "2025-08-10T08:43:14+00:00",
      "premium_end": "2025-08-09T08:43:14+00:00",
      "limit": 99,
      "last_reset": "2025-08-10"
    },
    {
      "id": "13890578583748@lid",
      "premium_start": "2025-08-10T08:43:36+00:00",
      "premium_end": "2025-08-09T08:43:36+00:00",
      "limit": 87,
      "last_reset": "2025-08-10"
    },
    {
      "id": "210668598874183@lid",
      "premium_start": "2025-08-10T08:44:39+00:00",
      "premium_end": "2025-08-09T08:44:39+00:00",
      "limit": 94,
      "last_reset": "2025-08-10"
    },
    {
      "id": "118344132878446@lid",
      "premium_start": "2025-08-10T08:46:15+00:00",
      "premium_end": "2025-08-09T08:46:15+00:00",
      "limit": 96,
      "last_reset": "2025-08-10"
    },
    {
      "id": "12765297176781@lid",
      "premium_start": "2025-08-10T08:47:54+00:00",
      "premium_end": "2025-08-09T08:47:54+00:00",
      "limit": 99,
      "last_reset": "2025-08-10"
    },
    {
      "id": "6285820229344@s.whatsapp.net",
      "premium_start": "2025-08-10T08:48:44+00:00",
      "premium_end": "2025-08-09T08:48:44+00:00",
      "limit": 96,
      "last_reset": "2025-08-10"
    },
    {
      "id": "216698749718648@lid",
      "premium_start": "2025-08-10T08:49:09+00:00",
      "premium_end": "2025-08-09T08:49:09+00:00",
      "limit": 99,
      "last_reset": "2025-08-10"
    },
    {
      "id": "92462307651628@lid",
      "premium_start": "2025-08-10T08:50:54+00:00",
      "premium_end": "2025-08-09T08:50:54+00:00",
      "limit": 99,
      "last_reset": "2025-08-10"
    },
    {
      "id": "62882005390529@s.whatsapp.net",
      "premium_start": "2025-08-10T23:39:16+00:00",
      "premium_end": "2025-08-09T23:39:16+00:00",
      "limit": 99,
      "last_reset": "2025-08-10"
    },
    {
      "id": "6285213090822@s.whatsapp.net",
      "premium_start": "2025-08-10T23:53:48+00:00",
      "premium_end": "2025-08-09T23:53:48+00:00",
      "limit": 98,
      "last_reset": "2025-08-11"
    },
    {
      "id": "628119518818@s.whatsapp.net",
      "premium_start": "2025-08-11T08:05:42+00:00",
      "premium_end": "2025-08-10T08:05:42+00:00"
    },
    {
      "id": "120363384344978130@newsletter",
      "premium_start": "2025-08-12T02:14:37+00:00",
      "premium_end": "2025-08-11T02:14:37+00:00",
      "limit": 98,
      "last_reset": "2025-08-12"
    }
  ]
}